"0","cross.sampling(0.3, 3, 5, tys, tns, 500, 0.2, 0.4)"
"1","    "
"1","       [,1]"
"1","       [,2]"
"1","      [,3]"
"1","      [,4]"
"1","      [,5]"
"1","
[1,]"
"1"," 0.03193613"
"1"," 0.07984032"
"1"," 0.3892216"
"1"," 1.4371257"
"1"," 0.2954092"
"1","
[2,]"
"1"," 0.17964072"
"1"," 0.28343313"
"1"," 0.4051896"
"1"," 0.4311377"
"1"," 0.3173653"
"1","
[3,]"
"1"," 0.27145709"
"1"," 0.21357285"
"1"," 0.3512974"
"1"," 0.2554890"
"1"," 0.1477046"
"1","
"
