"0","gen.rand.doses(ndose=15, target=0.3, mu1=0.15, mu2=0.15, inv.fn=qnorm, fn=pnorm, MTD=NA)"
"1","$p.trues
"
"1"," [1]"
"1"," 0.3140070"
"1"," 0.3370329"
"1"," 0.3521377"
"1"," 0.3860225"
"1"," 0.4348570"
"1"," 0.4613197"
"1"," 0.4955564"
"1"," 0.5024488"
"1"," 0.5030234"
"1"," 0.6891492"
"1"," 0.7373517"
"1","
"
"1","[12]"
"1"," 0.7421004"
"1"," 0.7638332"
"1"," 0.7639902"
"1"," 0.8652349"
"1","
"
"1","
"
"1","$mtd.level
"
"1","[1]"
"1"," 1"
"1","
"
"1","
"
