"0","p <- random(0.3,3,5,0.05,orders[3,],3,seed=7)"
"0","p"
"1","    "
"1","       [,1]"
"1","       [,2]"
"1","       [,3]"
"1","      [,4]"
"1","      [,5]"
"1","
[1,]"
"1"," 0.01743717"
"1"," 0.02892444"
"1"," 0.09943636"
"1"," 0.3000000"
"1"," 0.6484174"
"1","
[2,]"
"1"," 0.06093735"
"1"," 0.30000000"
"1"," 0.46163625"
"1"," 0.5004601"
"1"," 0.8523278"
"1","
[3,]"
"1"," 0.30000000"
"1"," 0.45780606"
"1"," 0.57104053"
"1"," 0.8648068"
"1"," 0.9818406"
"1","
"
