"0","sampling(0.3, 3, 5, tys, tns, 500, 0.2, 0.4)"
"1","    "
"1","      [,1]"
"1","      [,2]"
"1","      [,3]"
"1","       [,4]"
"1","       [,5]"
"1","
[1,]"
"1"," 0.0000000"
"1"," 0.2175649"
"1"," 0.2035928"
"1"," 0.70658683"
"1"," 0.04191617"
"1","
[2,]"
"1"," 0.1776447"
"1"," 0.2135729"
"1"," 0.1716567"
"1"," 0.06387226"
"1"," 0.08982036"
"1","
[3,]"
"1"," 0.2395210"
"1"," 0.1516966"
"1"," 0.1576846"
"1"," 0.20558882"
"1"," 0.12574850"
"1","
"
