"0","sampling(0.3, 3, 5, tys, tns, 500, 0.2, 0.4)"
"1","    "
"1","       [,1]"
"1","      [,2]"
"1","      [,3]"
"1","      [,4]"
"1","      [,5]"
"1","
[1,]"
"1"," 0.04295704"
"1"," 0.1319121"
"1"," 0.1512325"
"1"," 0.7208528"
"1"," 0.1478521"
"1","
[2,]"
"1"," 0.13524317"
"1"," 0.1605596"
"1"," 0.1612258"
"1"," 0.1252498"
"1"," 0.1028971"
"1","
[3,]"
"1"," 0.17182817"
"1"," 0.1458541"
"1"," 0.1248751"
"1"," 0.1518482"
"1"," 0.1417166"
"1","
"
