"0","p <- random(0.3,3,5,0.05,orders[3,],2,seed=3)"
"0","p"
"1","    "
"1","       [,1]"
"1","       [,2]"
"1","      [,3]"
"1","      [,4]"
"1","      [,5]"
"1","
[1,]"
"1"," 0.08193358"
"1"," 0.09623559"
"1"," 0.3000000"
"1"," 0.5414906"
"1"," 0.6971230"
"1","
[2,]"
"1"," 0.15052517"
"1"," 0.30000000"
"1"," 0.6782655"
"1"," 0.7122121"
"1"," 0.7254464"
"1","
[3,]"
"1"," 0.20187910"
"1"," 0.43101174"
"1"," 0.6828103"
"1"," 0.7428561"
"1"," 0.7601365"
"1","
"
